Workbook

Sheet Churn_Modelling
A1: CustomerId | B1: CreditScore | C1: Geography | D1: Gender | E1: Age | F1: Tenure | G1: Balance | H1: NumOfProducts | I1: HasCrCard | J1: IsActiveMember | K1: EstimatedSalary | L1: Exited | M1: transaction_frequency | N1: avg_txn_value | O1: failed_transactions | P1: last_transaction_days | Q1: payment_failure_rate | R1: monthly_txn_volume | S1: Age_Bucket | T1: Tenure_Bucket | U1: Risk_Segment | V1: Risk Score
A2: 15634602 | B2: 619 | C2: France | D2: Female | E2: 42 | F2: 2 | G2: 0 | H2: 1 | I2: 1 | J2: 1 | K2: 101348.88 | L2: 1 | M2: 25 | N2: 644 | O2: 4 | P2: 67 | Q2: 0.16 | R2: 16100 | S2: {=_xlfn.IFS(E5<30,"18-29",E5<45,"30-44",TRUE,"45+")} -> 30-44 | T2: {=_xlfn.IFS(F2<=2,"0-2 Years",F2<=5,"3-5 Years",F2<=8,"6-8 Years",TRUE,"9-10 Years")} -> 0-2 Years | U2: {=_xlfn.IFS(P2>60,"High Risk",P2>30,"Medium Risk",TRUE,"Low Risk")} -> High Risk | V2: =IF(J2=0,3,0)+IF(G2=0,3,0)+IF(H2=1,2,0)+IF(E2>45,1,0)+IF(F2<3,1,0) -> 6
A3: 15647311 | B3: 608 | C3: Spain | D3: Female | E3: 41 | F3: 1 | G3: 83807.86 | H3: 1 | I3: 0 | J3: 1 | K3: 112542.58 | L3: 0 | M3: 21 | N3: 2464 | O3: 7 | P3: 82 | Q3: 0.33333333 | R3: 51744 | S3: {=_xlfn.IFS(E6<30,"18-29",E6<45,"30-44",TRUE,"45+")} -> 30-44 | T3: {=_xlfn.IFS(F3<=2,"0-2 Years",F3<=5,"3-5 Years",F3<=8,"6-8 Years",TRUE,"9-10 Years")} -> 0-2 Years | U3: {=_xlfn.IFS(P3>60,"High Risk",P3>30,"Medium Risk",TRUE,"Low Risk")} -> High Risk | V3: =IF(J3=0,3,0)+IF(G3=0,3,0)+IF(H3=1,2,0)+IF(E3>45,1,0)+IF(F3<3,1,0) -> 3
A4: 15619304 | B4: 502 | C4: France | D4: Female | E4: 42 | F4: 8 | G4: 159660.8 | H4: 3 | I4: 1 | J4: 0 | K4: 113931.57 | L4: 1 | M4: 17 | N4: 1472 | O4: 9 | P4: 176 | Q4: 0.52941176 | R4: 25024 | S4: {=_xlfn.IFS(E7<30,"18-29",E7<45,"30-44",TRUE,"45+")} -> 30-44 | T4: {=_xlfn.IFS(F4<=2,"0-2 Years",F4<=5,"3-5 Years",F4<=8,"6-8 Years",TRUE,"9-10 Years")} -> 6-8 Years | U4: {=_xlfn.IFS(P4>60,"High Risk",P4>30,"Medium Risk",TRUE,"Low Risk")} -> High Risk | V4: =IF(J4=0,3,0)+IF(G4=0,3,0)+IF(H4=1,2,0)+IF(E4>45,1,0)+IF(F4<3,1,0) -> 3
A5: 15701354 | B5: 699 | C5: France | D5: Female | E5: 39 | F5: 1 | G5: 0 | H5: 2 | I5: 0 | J5: 0 | K5: 93826.63 | L5: 0 | M5: 22 | N5: 3734 | O5: 8 | P5: 60 | Q5: 0.36363636 | R5: 82148 | S5: {=_xlfn.IFS(E8<30,"18-29",E8<45,"30-44",TRUE,"45+")} -> 45+ | T5: {=_xlfn.IFS(F5<=2,"0-2 Years",F5<=5,"3-5 Years",F5<=8,"6-8 Years",TRUE,"9-10 Years")} -> 0-2 Years | U5: {=_xlfn.IFS(P5>60,"High Risk",P5>30,"Medium Risk",TRUE,"Low Risk")} -> Medium Risk | V5: =IF(J5=0,3,0)+IF(G5=0,3,0)+IF(H5=1,2,0)+IF(E5>45,1,0)+IF(F5<3,1,0) -> 7
A6: 15737888 | B6: 850 | C6: Spain | D6: Female | E6: 43 | F6: 2 | G6: 125510.82 | H6: 1 | I6: 1 | J6: 1 | K6: 79084.1 | L6: 0 | M6: 30 | N6: 4992 | O6: 5 | P6: 143 | Q6: 0.16666667 | R6: 149760 | S6: {=_xlfn.IFS(E9<30,"18-29",E9<45,"30-44",TRUE,"45+")} -> 18-29 | T6: {=_xlfn.IFS(F6<=2,"0-2 Years",F6<=5,"3-5 Years",F6<=8,"6-8 Years",TRUE,"9-10 Years")} -> 0-2 Years | U6: {=_xlfn.IFS(P6>60,"High Risk",P6>30,"Medium Risk",TRUE,"Low Risk")} -> High Risk | V6: =IF(J6=0,3,0)+IF(G6=0,3,0)+IF(H6=1,2,0)+IF(E6>45,1,0)+IF(F6<3,1,0) -> 3
A7: 15574012 | B7: 645 | C7: Spain | D7: Male | E7: 44 | F7: 8 | G7: 113755.78 | H7: 2 | I7: 1 | J7: 0 | K7: 149756.71 | L7: 1 | M7: 16 | N7: 1101 | O7: 7 | P7: 96 | Q7: 0.4375 | R7: 17616 | S7: {=_xlfn.IFS(E10<30,"18-29",E10<45,"30-44",TRUE,"45+")} -> 30-44 | T7: {=_xlfn.IFS(F7<=2,"0-2 Years",F7<=5,"3-5 Years",F7<=8,"6-8 Years",TRUE,"9-10 Years")} -> 6-8 Years | U7: {=_xlfn.IFS(P7>60,"High Risk",P7>30,"Medium Risk",TRUE,"Low Risk")} -> High Risk | V7: =IF(J7=0,3,0)+IF(G7=0,3,0)+IF(H7=1,2,0)+IF(E7>45,1,0)+IF(F7<3,1,0) -> 3
A8: 15592531 | B8: 822 | C8: France | D8: Male | E8: 50 | F8: 7 | G8: 0 | H8: 2 | I8: 1 | J8: 1 | K8: 10062.8 | L8: 0 | M8: 28 | N8: 709 | O8: 7 | P8: 40 | Q8: 0.25 | R8: 19852 | S8: {=_xlfn.IFS(E11<30,"18-29",E11<45,"30-44",TRUE,"45+")} -> 18-29 | T8: {=_xlfn.IFS(F8<=2,"0-2 Years",F8<=5,"3-5 Years",F8<=8,"6-8 Years",TRUE,"9-10 Years")} -> 6-8 Years | U8: {=_xlfn.IFS(P8>60,"High Risk",P8>30,"Medium Risk",TRUE,"Low Risk")} -> Medium Risk | V8: =IF(J8=0,3,0)+IF(G8=0,3,0)+IF(H8=1,2,0)+IF(E8>45,1,0)+IF(F8<3,1,0) -> 4
A9: 15656148 | B9: 376 | C9: Germany | D9: Female | E9: 29 | F9: 4 | G9: 115046.74 | H9: 4 | I9: 1 | J9: 0 | K9: 119346.88 | L9: 1 | M9: 25 | N9: 3371 | O9: 6 | P9: 52 | Q9: 0.24 | R9: 84275 | S9: {=_xlfn.IFS(E12<30,"18-29",E12<45,"30-44",TRUE,"45+")} -> 30-44 | T9: {=_xlfn.IFS(F9<=2,"0-2 Years",F9<=5,"3-5 Years",F9<=8,"6-8 Years",TRUE,"9-10 Years")} -> 3-5 Years | U9: {=_xlfn.IFS(P9>60,"High Risk",P9>30,"Medium Risk",TRUE,"Low Risk")} -> Medium Risk | V9: =IF(J9=0,3,0)+IF(G9=0,3,0)+IF(H9=1,2,0)+IF(E9>45,1,0)+IF(F9<3,1,0) -> 3
A10: 15792365 | B10: 501 | C10: France | D10: Male | E10: 44 | F10: 4 | G10: 142051.07 | H10: 2 | I10: 0 | J10: 1 | K10: 74940.5 | L10: 0 | M10: 26 | N10: 4241 | O10: 1 | P10: 25 | Q10: 0.038461538 | R10: 110266 | S10: {=_xlfn.IFS(E13<30,"18-29",E13<45,"30-44",TRUE,"45+")} -> 18-29 | T10: {=_xlfn.IFS(F10<=2,"0-2 Years",F10<=5,"3-5 Years",F10<=8,"6-8 Years",TRUE,"9-10 Years")} -> 3-5 Years | U10: {=_xlfn.IFS(P10>60,"High Risk",P10>30,"Medium Risk",TRUE,"Low Risk")} -> Low Risk | V10: =IF(J10=0,3,0)+IF(G10=0,3,0)+IF(H10=1,2,0)+IF(E10>45,1,0)+IF(F10<3,1,0) -> 0
A11: 15592389 | B11: 684 | C11: France | D11: Male | E11: 27 | F11: 2 | G11: 134603.88 | H11: 1 | I11: 1 | J11: 1 | K11: 71725.73 | L11: 0 | M11: 18 | N11: 574 | O11: 8 | P11: 41 | Q11: 0.44444444 | R11: 10332 | S11: {=_xlfn.IFS(E14<30,"18-29",E14<45,"30-44",TRUE,"45+")} -> 30-44 | T11: {=_xlfn.IFS(F11<=2,"0-2 Years",F11<=5,"3-5 Years",F11<=8,"6-8 Years",TRUE,"9-10 Years")} -> 0-2 Years | U11: {=_xlfn.IFS(P11>60,"High Risk",P11>30,"Medium Risk",TRUE,"Low Risk")} -> Medium Risk | V11: =IF(J11=0,3,0)+IF(G11=0,3,0)+IF(H11=1,2,0)+IF(E11>45,1,0)+IF(F11<3,1,0) -> 3
A12: 15767821 | B12: 528 | C12: France | D12: Male | E12: 31 | F12: 6 | G12: 102016.72 | H12: 2 | I12: 0 | J12: 0 | K12: 80181.12 | L12: 0 | M12: 19 | N12: 1446 | O12: 7 | P12: 11 | Q12: 0.36842105 | R12: 27474 | S12: {=_xlfn.IFS(E15<30,"18-29",E15<45,"30-44",TRUE,"45+")} -> 18-29 | T12: {=_xlfn.IFS(F12<=2,"0-2 Years",F12<=5,"3-5 Years",F12<=8,"6-8 Years",TRUE,"9-10 Years")} -> 6-8 Years | U12: {=_xlfn.IFS(P12>60,"High Risk",P12>30,"Medium Risk",TRUE,"Low Risk")} -> Low Risk | V12: =IF(J12=0,3,0)+IF(G12=0,3,0)+IF(H12=1,2,0)+IF(E12>45,1,0)+IF(F12<3,1,0) -> 3
A13: 15737173 | B13: 497 | C13: Spain | D13: Male | E13: 24 | F13: 3 | G13: 0 | H13: 2 | I13: 1 | J13: 0 | K13: 76390.01 | L13: 0 | M13: 1 | N13: 3022 | O13: 1 | P13: 145 | Q13: 1 | R13: 3022 | S13: {=_xlfn.IFS(E16<30,"18-29",E16<45,"30-44",TRUE,"45+")} -> 30-44 | T13: {=_xlfn.IFS(F13<=2,"0-2 Years",F13<=5,"3-5 Years",F13<=8,"6-8 Years",TRUE,"9-10 Years")} -> 3-5 Years | U13: {=_xlfn.IFS(P13>60,"High Risk",P13>30,"Medium Risk",TRUE,"Low Risk")} -> High Risk | V13: =IF(J13=0,3,0)+IF(G13=0,3,0)+IF(H13=1,2,0)+IF(E13>45,1,0)+IF(F13<3,1,0) -> 6
... A113: 15665790 | B113: 538 | C113: Germany | D113: Male | E113: 39 | F113: 7 | G113: 108055.1 | H113: 2 | I113: 1 | J113: 0 | K113: 27231.26 | L113: 0 | M113: 17 | N113: 4013 | O113: 8 | P113: 6 | Q113: 0.47058824 | R113: 68221 | S113: {=_xlfn.IFS(E116<30,"18-29",E116<45,"30-44",TRUE,"45+")} -> 18-29 | T113: {=_xlfn.IFS(F113<=2,"0-2 Years",F113<=5,"3-5 Years",F113<=8,"6-8 Years",TRUE,"9-10 Years")} -> 6-8 Years | U113: {=_xlfn.IFS(P113>60,"High Risk",P113>30,"Medium Risk",TRUE,"Low Risk")} -> Low Risk | V113: =IF(J113=0,3,0)+IF(G113=0,3,0)+IF(H113=1,2,0)+IF(E113>45,1,0)+IF(F113<3,1,0) -> 3
A114: 15715951 | B114: 562 | C114: France | D114: Male | E114: 42 | F114: 2 | G114: 100238.35 | H114: 1 | I114: 0 | J114: 0 | K114: 86797.41 | L114: 0 | M114: 10 | N114: Risk Score | O114: 9 | P114: 117 | Q114: 0.9 | R114: 10720 | S114: {=_xlfn.IFS(E117<30,"18-29",E117<45,"30-44",TRUE,"45+")} -> 30-44 | T114: {=_xlfn.IFS(F114<=2,"0-2 Years",F114<=5,"3-5 Years",F114<=8,"6-8 Years",TRUE,"9-10 Years")} -> 0-2 Years | U114: {=_xlfn.IFS(P114>60,"High Risk",P114>30,"Medium Risk",TRUE,"Low Risk")} -> High Risk | V114: =IF(J114=0,3,0)+IF(G114=0,3,0)+IF(H114=1,2,0)+IF(E114>45,1,0)+IF(F114<3,1,0) -> 6
A115: 15591100 | B115: 675 | C115: Spain | D115: Male | E115: 36 | F115: 9 | G115: 106190.55 | H115: 1 | I115: 0 | J115: 1 | K115: 22994.32 | L115: 0 | M115: 15 | N115: 2028 | O115: 9 | P115: 126 | Q115: 0.6 | R115: 30420 | S115: {=_xlfn.IFS(E118<30,"18-29",E118<45,"30-44",TRUE,"45+")} -> 30-44 | T115: {=_xlfn.IFS(F115<=2,"0-2 Years",F115<=5,"3-5 Years",F115<=8,"6-8 Years",TRUE,"9-10 Years")} -> 9-10 Years | U115: {=_xlfn.IFS(P115>60,"High Risk",P115>30,"Medium Risk",TRUE,"Low Risk")} -> High Risk | V115: =IF(J115=0,3,0)+IF(G115=0,3,0)+IF(H115=1,2,0)+IF(E115>45,1,0)+IF(F115<3,1,0) -> 2
A116: 15609618 | B116: 721 | C116: Germany | D116: Male | E116: 28 | F116: 9 | G116: 154475.54 | H116: 2 | I116: 0 | J116: 1 | K116: 101300.94 | L116: 1 | M116: 23 | N116: 1307 | O116: 9 | P116: 97 | Q116: 0.39130435 | R116: 30061 | S116: {=_xlfn.IFS(E119<30,"18-29",E119<45,"30-44",TRUE,"45+")} -> 30-44 | T116: {=_xlfn.IFS(F116<=2,"0-2 Years",F116<=5,"3-5 Years",F116<=8,"6-8 Years",TRUE,"9-10 Years")} -> 9-10 Years | U116: {=_xlfn.IFS(P116>60,"High Risk",P116>30,"Medium Risk",TRUE,"Low Risk")} -> High Risk | V116: =IF(J116=0,3,0)+IF(G116=0,3,0)+IF(H116=1,2,0)+IF(E116>45,1,0)+IF(F116<3,1,0) -> 0
A117: 15675522 | B117: 628 | C117: Germany | D117: Female | E117: 30 | F117: 9 | G117: 132351.29 | H117: 2 | I117: 1 | J117: 1 | K117: 74169.13 | L117: 0 | M117: 2 | N117: 788 | O117: 4 | P117: 32 | Q117: 1 | R117: 1576 | S117: {=_xlfn.IFS(E120<30,"18-29",E120<45,"30-44",TRUE,"45+")} -> 30-44 | T117: {=_xlfn.IFS(F117<=2,"0-2 Years",F117<=5,"3-5 Years",F117<=8,"6-8 Years",TRUE,"9-10 Years")} -> 9-10 Years | U117: {=_xlfn.IFS(P117>60,"High Risk",P117>30,"Medium Risk",TRUE,"Low Risk")} -> Medium Risk | V117: =IF(J117=0,3,0)+IF(G117=0,3,0)+IF(H117=1,2,0)+IF(E117>45,1,0)+IF(F117<3,1,0) -> 0
A118: 15705512 | B118: 668 | C118: Germany | D118: Female | E118: 37 | F118: 6 | G118: 167864.4 | H118: 1 | I118: 1 | J118: 0 | K118: 115638.29 | L118: 0 | M118: 19 | N118: 3646 | O118: 3 | P118: 94 | Q118: 0.15789474 | R118: 69274 | S118: {=_xlfn.IFS(E121<30,"18-29",E121<45,"30-44",TRUE,"45+")} -> 30-44 | T118: {=_xlfn.IFS(F118<=2,"0-2 Years",F118<=5,"3-5 Years",F118<=8,"6-8 Years",TRUE,"9-10 Years")} -> 6-8 Years | U118: {=_xlfn.IFS(P118>60,"High Risk",P118>30,"Medium Risk",TRUE,"Low Risk")} -> High Risk | V118: =IF(J118=0,3,0)+IF(G118=0,3,0)+IF(H118=1,2,0)+IF(E118>45,1,0)+IF(F118<3,1,0) -> 5
A119: 15698028 | B119: 506 | C119: France | D119: Female | E119: 41 | F119: 1 | G119: 0 | H119: 2 | I119: 1 | J119: 0 | K119: 31766.3 | L119: 0 | M119: 26 | N119: 262 | O119: 10 | P119: 117 | Q119: 0.38461538 | R119: 6812 | S119: {=_xlfn.IFS(E122<30,"18-29",E122<45,"30-44",TRUE,"45+")} -> 30-44 | T119: {=_xlfn.IFS(F119<=2,"0-2 Years",F119<=5,"3-5 Years",F119<=8,"6-8 Years",TRUE,"9-10 Years")} -> 0-2 Years | U119: {=_xlfn.IFS(P119>60,"High Risk",P119>30,"Medium Risk",TRUE,"Low Risk")} -> High Risk | V119: =IF(J119=0,3,0)+IF(G119=0,3,0)+IF(H119=1,2,0)+IF(E119>45,1,0)+IF(F119<3,1,0) -> 7
A120: 15661670 | B120: 524 | C120: Germany | D120: Female | E120: 31 | F120: 8 | G120: 107818.63 | H120: 1 | I120: 1 | J120: 0 | K120: 199725.39 | L120: 1 | M120: 5 | N120: 4321 | O120: 2 | P120: 133 | Q120: 0.4 | R120: 21605 | S120: {=_xlfn.IFS(E123<30,"18-29",E123<45,"30-44",TRUE,"45+")} -> 30-44 | T120: {=_xlfn.IFS(F120<=2,"0-2 Years",F120<=5,"3-5 Years",F120<=8,"6-8 Years",TRUE,"9-10 Years")} -> 6-8 Years | U120: {=_xlfn.IFS(P120>60,"High Risk",P120>30,"Medium Risk",TRUE,"Low Risk")} -> High Risk | V120: =IF(J120=0,3,0)+IF(G120=0,3,0)+IF(H120=1,2,0)+IF(E120>45,1,0)+IF(F120<3,1,0) -> 5
A121: 15600781 | B121: 699 | C121: Germany | D121: Male | E121: 34 | F121: 4 | G121: 185173.81 | H121: 2 | I121: 1 | J121: 0 | K121: 120834.48 | L121: 0 | M121: 24 | N121: 981 | O121: 3 | P121: 68 | Q121: 0.125 | R121: 23544 | S121: {=_xlfn.IFS(E124<30,"18-29",E124<45,"30-44",TRUE,"45+")} -> 30-44 | T121: {=_xlfn.IFS(F121<=2,"0-2 Years",F121<=5,"3-5 Years",F121<=8,"6-8 Years",TRUE,"9-10 Years")} -> 3-5 Years | U121: {=_xlfn.IFS(P121>60,"High Risk",P121>30,"Medium Risk",TRUE,"Low Risk")} -> High Risk | V121: =IF(J121=0,3,0)+IF(G121=0,3,0)+IF(H121=1,2,0)+IF(E121>45,1,0)+IF(F121<3,1,0) -> 3
A122: 15682472 | B122: 828 | C122: France | D122: Male | E122: 34 | F122: 8 | G122: 129433.34 | H122: 2 | I122: 0 | J122: 0 | K122: 38131.77 | L122: 0 | M122: 18 | N122: 347 | O122: 3 | P122: 178 | Q122: 0.16666667 | R122: 6246 | S122: {=_xlfn.IFS(E125<30,"18-29",E125<45,"30-44",TRUE,"45+")} -> 45+ | T122: {=_xlfn.IFS(F122<=2,"0-2 Years",F122<=5,"3-5 Years",F122<=8,"6-8 Years",TRUE,"9-10 Years")} -> 6-8 Years | U122: {=_xlfn.IFS(P122>60,"High Risk",P122>30,"Medium Risk",TRUE,"Low Risk")} -> High Risk | V122: =IF(J122=0,3,0)+IF(G122=0,3,0)+IF(H122=1,2,0)+IF(E122>45,1,0)+IF(F122<3,1,0) -> 3
A123: 15580203 | B123: 674 | C123: Spain | D123: Male | E123: 39 | F123: 6 | G123: 120193.42 | H123: 1 | I123: 0 | J123: 0 | K123: 100130.95 | L123: 0 | M123: 7 | N123: 4625 | O123: 7 | P123: 5 | Q123: 1 | R123: 32375 | S123: {=_xlfn.IFS(E126<30,"18-29",E126<45,"30-44",TRUE,"45+")} -> 18-29 | T123: {=_xlfn.IFS(F123<=2,"0-2 Years",F123<=5,"3-5 Years",F123<=8,"6-8 Years",TRUE,"9-10 Years")} -> 6-8 Years | U123: {=_xlfn.IFS(P123>60,"High Risk",P123>30,"Medium Risk",TRUE,"Low Risk")} -> Low Risk | V123: =IF(J123=0,3,0)+IF(G123=0,3,0)+IF(H123=1,2,0)+IF(E123>45,1,0)+IF(F123<3,1,0) -> 5
A124: 15690673 | B124: 656 | C124: France | D124: Female | E124: 39 | F124: 6 | G124: 0 | H124: 2 | I124: 1 | J124: 0 | K124: 141069.88 | L124: 0 | M124: 21 | N124: 3089 | O124: 7 | P124: 23 | Q124: 0.33333333 | R124: 64869 | S124: {=_xlfn.IFS(E127<30,"18-29",E127<45,"30-44",TRUE,"45+")} -> 30-44 | T124: {=_xlfn.IFS(F124<=2,"0-2 Years",F124<=5,"3-5 Years",F124<=8,"6-8 Years",TRUE,"9-10 Years")} -> 6-8 Years | U124: {=_xlfn.IFS(P124>60,"High Risk",P124>30,"Medium Risk",TRUE,"Low Risk")} -> Low Risk | V124: =IF(J124=0,3,0)+IF(G124=0,3,0)+IF(H124=1,2,0)+IF(E124>45,1,0)+IF(F124<3,1,0) -> 6
A125: 15760085 | B125: 684 | C125: Germany | D125: Female | E125: 48 | F125: 10 | G125: 126384.42 | H125: 1 | I125: 1 | J125: 1 | K125: 198129.36 | L125: 0 | M125: 9 | N125: 3731 | O125: 5 | P125: 146 | Q125: 0.55555556 | R125: 33579 | S125: {=_xlfn.IFS(E128<30,"18-29",E128<45,"30-44",TRUE,"45+")} -> 45+ | T125: {=_xlfn.IFS(F125<=2,"0-2 Years",F125<=5,"3-5 Years",F125<=8,"6-8 Years",TRUE,"9-10 Years")} -> 9-10 Years | U125: {=_xlfn.IFS(P125>60,"High Risk",P125>30,"Medium Risk",TRUE,"Low Risk")} -> High Risk | V125: =IF(J125=0,3,0)+IF(G125=0,3,0)+IF(H125=1,2,0)+IF(E125>45,1,0)+IF(F125<3,1,0) -> 3
A126: 15779659 | B126: 625 | C126: France | D126: Female | E126: 28 | F126: 3 | G126: 0 | H126: 1 | I126: 0 | J126: 0 | K126: 183646.41 | L126: 0 | M126: 28 | N126: 4518 | O126: 3 | P126: 30 | Q126: 0.10714286 | R126: 126504 | S126: {=_xlfn.IFS(E129<30,"18-29",E129<45,"30-44",TRUE,"45+")} -> 45+ | T126: {=_xlfn.IFS(F126<=2,"0-2 Years",F126<=5,"3-5 Years",F126<=8,"6-8 Years",TRUE,"9-10 Years")} -> 3-5 Years | U126: {=_xlfn.IFS(P126>60,"High Risk",P126>30,"Medium Risk",TRUE,"Low Risk")} -> Low Risk | V126: =IF(J126=0,3,0)+IF(G126=0,3,0)+IF(H126=1,2,0)+IF(E126>45,1,0)+IF(F126<3,1,0) -> 8
... A10001: 15628319 | B10001: 792 | C10001: France | D10001: Female | E10001: 28 | F10001: 4 | G10001: 130142.79 | H10001: 1 | I10001: 1 | J10001: 0 | K10001: 38190.78 | L10001: 0 | M10001: 27 | N10001: 3712 | O10001: 10 | P10001: 112 | Q10001: 0.37037037 | R10001: 100224 | S10001: {=_xlfn.IFS(E10004<30,"18-29",E10004<45,"30-44",TRUE,"45+")} -> 18-29 | T10001: {=_xlfn.IFS(F10001<=2,"0-2 Years",F10001<=5,"3-5 Years",F10001<=8,"6-8 Years",TRUE,"9-10 Years")} -> 3-5 Years | U10001: {=_xlfn.IFS(P10001>60,"High Risk",P10001>30,"Medium Risk",TRUE,"Low Risk")} -> High Risk | V10001: =IF(J10001=0,3,0)+IF(G10001=0,3,0)+IF(H10001=1,2,0)+IF(E10001>45,1,0)+IF(F10001<3,1,0) -> 5

Sheet ANALYSIS
A1: METRIC | B1: VALUE | D1: Geography | E1: Total | F1: Churned | G1: Churn Rate
A2: Total Customers | B2: =COUNTA(Churn_Modelling!A:A)-1 -> 10000 | D2: France | E2: =COUNTIF(Churn_Modelling!C:C,"France") -> 5014 | F2: =COUNTIFS(Churn_Modelling!C:C,"France",Churn_Modelling!L:L,1) -> 810 | G2: =F2/E2 -> 0.16154767
A3: Churned Customers | B3: =COUNTIF(Churn_Modelling!L:L,1) -> 2037 | D3: Germany | E3: =COUNTIF(Churn_Modelling!C:C,"germany") -> 2509 | F3: =COUNTIFS(Churn_Modelling!C:C,"germany",Churn_Modelling!L:L,1) -> 814 | G3: =F3/E3 -> 0.32443204
A4: Retained Customers | B4: =COUNTIF(Churn_Modelling!L:L,0) -> 7963 | D4: Spain | E4: =COUNTIF(Churn_Modelling!C:C,"spain") -> 2477 | F4: =COUNTIFS(Churn_Modelling!C:C,"spain",Churn_Modelling!L:L,1) -> 413 | G4: =F4/E4 -> 0.16673395
A5: Churn Rate % | B5: =B3/B2 -> 0.2037
D6: Gender | E6: Total | F6: Churned | G6: Churn Rate
D7: Male | E7: =COUNTIF(Churn_Modelling!D:D,"Male") -> 5457 | F7: =COUNTIFS(Churn_Modelling!D:D,"Male",Churn_Modelling!L:L,1) -> 898 | G7: =F7/E7 -> 0.16455928
D8: Female | E8: =COUNTIF(Churn_Modelling!D:D,"female") -> 4543 | F8: =COUNTIFS(Churn_Modelling!D:D,"female",Churn_Modelling!L:L,1) -> 1139 | G8: =F8/E8 -> 0.25071539
D10: Status | E10: Total | F10: Churned | G10: Churm Rate
D11: Active | E11: =COUNTIF(Churn_Modelling!J:J,1) -> 5151 | F11: =COUNTIFS(Churn_Modelling!J:J,1,Churn_Modelling!L:L,1) -> 735 | G11: =F11/E11 -> 0.14269074
D12: Inactive | E12: =COUNTIF(Churn_Modelling!J:J,0) -> 4849 | F12: =COUNTIFS(Churn_Modelling!J:J,0,Churn_Modelling!L:L,1) -> 1302 | G12: =F12/E12 -> 0.26850897
D14: Products | E14: Total | F14: Churned | G14: Churm Rate
D15: 1 Product | E15: =COUNTIF(Churn_Modelling!H:H,1) -> 5084 | F15: =COUNTIFS(Churn_Modelling!H:H,1,Churn_Modelling!L:L,1) -> 1409 | G15: =F15/E15 -> 0.27714398
D16: 2 Product | E16: =COUNTIF(Churn_Modelling!H:H,2) -> 4590 | F16: =COUNTIFS(Churn_Modelling!H:H,2,Churn_Modelling!L:L,1) -> 348 | G16: =F16/E16 -> 0.075816993
D17: 3 Product | E17: =COUNTIF(Churn_Modelling!H:H,3) -> 266 | F17: =COUNTIFS(Churn_Modelling!H:H,3,Churn_Modelling!L:L,1) -> 220 | G17: =F17/E17 -> 0.82706767
D18: 4 Product | E18: =COUNTIF(Churn_Modelling!H:H,4) -> 60 | F18: =COUNTIFS(Churn_Modelling!H:H,4,Churn_Modelling!L:L,1) -> 60 | G18: =F18/E18 -> 1
D20: Segment | E20: Average Balance
D21: Churned | E21: =AVERAGEIF(Churn_Modelling!L:L,1,Churn_Modelling!G:G) -> 91108.539
D22: Retained | E22: =AVERAGEIF(Churn_Modelling!L:L,0,Churn_Modelling!G:G) -> 72745.297
D24: Metric | E24: Value
D25: Revenue At Risk | E25: =SUMIFS(Churn_Modelling!R:R,Churn_Modelling!L:L,1) -> 80941411

Sheet PIVOT_TABLES
A3: Age Bucket | B3: Average of Exited | D3: Tenure Bucket | E3: Average of Exited | G3: Geography | H3: Average of Exited
A4: 18-29 | B4: 0.21289538 | D4: 0-2 Years | E4: 0.21153846 | G4: France | H4: 0.16154767
A5: 30-44 | B5: 0.20063165 | D5: 3-5 Years | E5: 0.2076412 | G5: Germany | H5: 0.32443204
A6: 45+ | B6: 0.20512821 | D6: 6-8 Years | E6: 0.18874172 | G6: Spain | H6: 0.16673395
A7: Grand Total | B7: 0.2037 | D7: 9-10 Years | E7: 0.21302578 | G7: Grand Total | H7: 0.2037
D8: Grand Total | E8: 0.2037

Sheet DASHBOARD
A1: FINTECH CHURN INTELLIGENCE EXECUTIVE DASHBOARD
A5: CHURN RATE | E5: CHURNED CUSTOMERS | I5: REVENUE AT RISK | M5: HIGHEST RISK MARKET
A6: 0.2037 | E6: 2037 | I6: €80.94M | M6: Germany
A47: • Germany churn rate is 32.44%, ~2x France and Spain.
A48: • Inactive customers churn 1.9x more than active customers.
A49: • Customers with 2 products show the lowest churn (7.58%).
A50: • Churned customers hold higher balances (€91k vs €73k).
A51: • Revenue at Risk exceeds €80.9M.

Sheet AT_RISK_CUSTOMERS
A1: CustomerId | B1: CreditScore | C1: Geography | D1: Gender | E1: Age | F1: Tenure | G1: Balance | H1: NumOfProducts | I1: HasCrCard | J1: IsActiveMember | K1: EstimatedSalary | L1: Exited | M1: transaction_frequency | N1: avg_txn_value | O1: failed_transactions | P1: last_transaction_days | Q1: payment_failure_rate | R1: monthly_txn_volume | S1: Age_Bucket | T1: Tenure_Bucket | U1: Risk_Segment | V1: Risk Score
A2: 15634602 | B2: 619 | C2: France | D2: Female | E2: 42 | F2: 2 | G2: 0 | H2: 1 | I2: 1 | J2: 1 | K2: 101348.88 | L2: 1 | M2: 25 | N2: 644 | O2: 4 | P2: 67 | Q2: 0.16 | R2: 16100 | S2: 30-44 | T2: 0-2 Years | U2: High Risk | V2: 6
A3: 15701354 | B3: 699 | C3: France | D3: Female | E3: 39 | F3: 1 | G3: 0 | H3: 2 | I3: 0 | J3: 0 | K3: 93826.63 | L3: 0 | M3: 22 | N3: 3734 | O3: 8 | P3: 60 | Q3: 0.36363636 | R3: 82148 | S3: 45+ | T3: 0-2 Years | U3: Medium Risk | V3: 7
A4: 15737173 | B4: 497 | C4: Spain | D4: Male | E4: 24 | F4: 3 | G4: 0 | H4: 2 | I4: 1 | J4: 0 | K4: 76390.01 | L4: 0 | M4: 1 | N4: 3022 | O4: 1 | P4: 145 | Q4: 1 | R4: 3022 | S4: 30-44 | T4: 3-5 Years | U4: High Risk | V4: 6
A5: 15632264 | B5: 476 | C5: France | D5: Female | E5: 34 | F5: 10 | G5: 0 | H5: 2 | I5: 1 | J5: 0 | K5: 26260.98 | L5: 0 | M5: 12 | N5: 3497 | O5: 2 | P5: 93 | Q5: 0.16666667 | R5: 41964 | S5: 45+ | T5: 9-10 Years | U5: High Risk | V5: 6
A6: 15691483 | B6: 549 | C6: France | D6: Female | E6: 25 | F6: 5 | G6: 0 | H6: 2 | I6: 0 | J6: 0 | K6: 190857.79 | L6: 0 | M6: 2 | N6: 4031 | O6: 3 | P6: 26 | Q6: 1 | R6: 8062 | S6: 45+ | T6: 3-5 Years | U6: Low Risk | V6: 6
A7: 15737452 | B7: 653 | C7: Germany | D7: Male | E7: 58 | F7: 1 | G7: 132602.88 | H7: 1 | I7: 1 | J7: 0 | K7: 5097.67 | L7: 1 | M7: 25 | N7: 3391 | O7: 5 | P7: 167 | Q7: 0.2 | R7: 84775 | S7: 18-29 | T7: 0-2 Years | U7: High Risk | V7: 7
A8: 15661507 | B8: 587 | C8: Spain | D8: Male | E8: 45 | F8: 6 | G8: 0 | H8: 1 | I8: 0 | J8: 0 | K8: 158684.81 | L8: 0 | M8: 19 | N8: 4289 | O8: 9 | P8: 33 | Q8: 0.47368421 | R8: 81491 | S8: 30-44 | T8: 6-8 Years | U8: Medium Risk | V8: 8
A9: 15597945 | B9: 636 | C9: Spain | D9: Female | E9: 32 | F9: 8 | G9: 0 | H9: 2 | I9: 1 | J9: 0 | K9: 138555.46 | L9: 0 | M9: 26 | N9: 2694 | O9: 1 | P9: 97 | Q9: 0.038461538 | R9: 70044 | S9: 30-44 | T9: 6-8 Years | U9: High Risk | V9: 6
A10: 15699309 | B10: 510 | C10: Spain | D10: Female | E10: 38 | F10: 4 | G10: 0 | H10: 1 | I10: 1 | J10: 0 | K10: 118913.53 | L10: 1 | M10: 1 | N10: 4118 | O10: 6 | P10: 2 | Q10: 1 | R10: 4118 | S10: 18-29 | T10: 3-5 Years | U10: Low Risk | V10: 8
A11: 15700772 | B11: 571 | C11: France | D11: Male | E11: 44 | F11: 9 | G11: 0 | H11: 2 | I11: 0 | J11: 0 | K11: 38433.35 | L11: 0 | M11: 23 | N11: 1436 | O11: 10 | P11: 84 | Q11: 0.43478261 | R11: 33028 | S11: 30-44 | T11: 9-10 Years | U11: High Risk | V11: 6
A12: 15589475 | B12: 591 | C12: Spain | D12: Female | E12: 39 | F12: 3 | G12: 0 | H12: 3 | I12: 1 | J12: 0 | K12: 140469.38 | L12: 1 | M12: 28 | N12: 2705 | O12: 7 | P12: 120 | Q12: 0.25 | R12: 75740 | S12: 30-44 | T12: 3-5 Years | U12: High Risk | V12: 6
A13: 15794171 | B13: 475 | C13: France | D13: Female | E13: 45 | F13: 0 | G13: 134264.04 | H13: 1 | I13: 1 | J13: 0 | K13: 27822.99 | L13: 1 | M13: 12 | N13: 2278 | O13: 9 | P13: 99 | Q13: 0.75 | R13: 27336 | S13: 30-44 | T13: 0-2 Years | U13: High Risk | V13: 6
... A2764: 15606229 | B2764: 771 | C2764: France | D2764: Male | E2764: 39 | F2764: 5 | G2764: 0 | H2764: 2 | I2764: 1 | J2764: 0 | K2764: 96270.64 | L2764: 0 | M2764: 10 | N2764: 2765 | O2764: 3 | P2764: 56 | Q2764: 0.3 | R2764: 27650 | S2764: 30-44 | T2764: 3-5 Years | U2764: Medium Risk | V2764: 6
